"","pop","X2","X3","X4","X5","X6","X7","X8","X9","X10","X11","X12"
"1","3",127131,181181,176176,126128,140140,129131,123129,242242,282282,231231,148150
"2","3",127127,179179,176176,124124,134134,129131,131131,242242,282282,231231,148148
"3","3",127127,179179,176176,126126,134154,121131,123131,242244,282282,231231,148150
"4","3",121121,181181,176176,124128,140140,127127,123131,242242,282282,225231,148148
"5","3",121125,179181,176176,124126,134154,131131,123131,242242,282282,231231,148150
"6","3",121127,179181,176176,124126,134134,131131,123125,242242,282282,225231,148148
"7","3",121127,181181,176176,126126,140154,131131,123129,242242,282282,231231,148148
"8","3",127127,179181,176176,128128,134134,131131,129129,242242,282282,225231,148148
"9","3",127131,179179,176176,126126,140154,131131,129129,242242,282282,225231,148148
"10","3",127127,179179,176176,124124,134154,129131,129129,242244,282282,225231,148148
"11","3",127131,179181,176176,124126,134140,131131,129129,242244,282282,225231,148150
"12","3",127131,179181,176176,124124,134134,129131,129129,242244,282282,225231,148148
"13","3",127131,179181,176176,122124,134140,129131,123129,242242,282282,231231,148148
"14","3",127127,179179,176176,124126,134140,129131,129129,242242,282282,231231,148148
"15","3",121121,179181,176176,122122,134140,NA,123131,242244,282282,225225,148150
"16","3",121127,181181,176176,126126,144150,129131,123129,242242,282282,227231,148148
"17","1",127127,179181,174178,126126,140140,131131,123131,242242,282288,235235,148150
"18","3",129129,179179,176176,126126,140152,131131,129131,242244,282282,235235,150150
"19","3",129129,179179,176176,124126,140154,131131,129131,242244,282282,235235,148150
"20","3",127127,183183,176176,124126,142154,131131,123131,242244,282282,235235,148148
"21","3",127127,181181,176176,124126,134134,131131,123131,242242,282282,229229,148148
"22","3",129129,179179,176176,126126,134134,131131,129131,242244,282282,NA,148148
"23","3",127127,179181,176176,124126,NA,131131,123131,242244,282282,235235,148148
"24","3",127131,179181,174176,126126,140140,131131,131131,242244,282282,229235,148148
"25","3",129129,181181,176176,124126,NA,131131,123131,242244,282282,229229,148148
"26","3",129129,179179,176176,124128,134134,121131,129131,242244,282282,235235,148148
"27","3",127131,179181,176176,126128,134152,121131,123131,242244,282282,235235,148150
"28","3",131131,177177,176176,126126,134140,131131,131131,244244,282282,235235,148150
"29","3",127131,179179,176176,124124,134154,131131,123123,242242,282282,225235,148150
"30","3",127131,179181,176176,126128,134140,131131,131131,242242,282282,229235,148150
"31","3",127131,181181,176176,124128,134134,121129,131131,242242,282282,235235,148150
"32","1",127131,179181,176176,126126,134154,125131,123123,242242,282282,225235,150150
"33","1",131131,179179,176176,124126,134140,121131,123123,242242,282282,229235,148148
"34","3",127127,179179,176176,124124,134154,125131,123125,242242,282282,225229,148148
"35","3",NA,179179,176176,124124,140154,131131,123129,NA,282282,225229,148150
"36","3",NA,179179,176176,124128,NA,131131,129131,242242,NA,NA,150150
"37","1",131131,179179,176176,126126,134140,121131,NA,242242,NA,229235,148148
"38","3",127131,179181,176176,124124,154154,131131,131131,242244,282282,235235,148150
"39","3",131131,179179,176176,124126,134134,131131,131131,242244,282282,235235,148150
"40","3",127131,179181,176176,124128,134154,131131,125131,242242,NA,229235,148150
"41","3",127131,179181,176176,124124,134140,121131,123123,242242,282282,229235,148150
"42","3",127131,179181,176176,NA,140140,121131,125131,242242,282282,235235,NA
"43","3",127131,179181,176176,124128,140140,125131,131131,242242,282282,235235,148150
"44","3",127127,181181,NA,124124,134140,131131,123123,242242,282282,NA,148148
"45","3",127127,179181,176176,124128,134140,NA,123131,NA,NA,231235,148150
"46","3",127127,179181,176176,124128,134140,131131,131131,242242,282282,235235,148148
"47","3",127127,179181,176176,124126,134136,131131,131131,242244,282282,229235,148150
"48","3",127127,181181,176176,126126,134134,131131,123131,NA,282282,229235,148148
"49","3",127127,179181,176176,124128,134140,125131,131131,242242,282282,235235,148148
"50","3",127131,179181,176176,124128,134140,121121,125131,242242,282282,235235,148148
"51","3",127127,181181,176176,124126,134134,121131,123131,242242,282282,229235,148150
"52","3",127127,179181,176176,124126,134134,133133,123131,242242,282282,235235,148150
"53","3",127131,181181,176176,124124,134140,NA,123131,242242,NA,235235,148148
"54","1",131131,179179,176176,126128,134134,131131,123131,242242,288288,235235,148148
"55","3",127127,179181,176176,124124,134140,131131,131131,242242,282282,235235,148148
"56","3",127131,179181,176176,124128,134154,131131,131131,242242,282282,229235,148148
"57","3",127131,179181,176176,126128,134140,131131,131131,242244,282282,235235,148148
"58","3",127127,181181,176176,128128,134140,131131,131131,242242,282282,231235,148148
"59","3",127131,181181,176176,126126,134140,131131,131131,242244,NA,229235,148148
"60","3",127127,181181,176176,124128,134144,131131,131131,NA,NA,229235,148148
"61","3",131131,179179,176176,124126,134140,131131,123131,NA,282282,235235,148148
"62","3",127127,179181,176176,126130,134140,131131,123123,242242,282282,235235,148150
"63","3",127131,179181,176176,124128,134134,131131,125131,242242,282282,225235,148150
"64","3",127131,179181,176176,124126,140154,131131,131131,242244,282282,235235,150150
"65","3",127127,179179,176176,124126,134134,131131,123131,242244,282282,229235,148150
"66","3",131131,179179,176176,128130,134134,121131,123131,242242,282282,229229,148150
"67","3",127131,179179,176176,124124,134154,131131,123123,242242,282282,225235,148150
"68","3",127127,181181,176176,124128,134140,131131,131131,242244,282282,229235,148148
"69","1",131131,179181,172178,126126,134134,131131,123123,242244,282288,231231,148150
"70","3",127131,179181,176176,124126,134134,121131,123131,242244,282282,229235,148150
"71","3",127127,179181,176176,124128,134140,131131,123131,242244,282282,225229,148148
"72","1",127131,179181,176176,124126,NA,121121,123131,NA,NA,229235,148150
"73","1",121127,179181,178178,126126,134134,121121,123129,242242,282282,231233,148150
"74","1",121127,179179,178178,126126,134134,NA,123129,242244,282282,227231,148150
"75","1",125125,179179,176178,126126,134154,131131,123123,242244,282288,221231,148148
"76","1",121121,179179,178178,126132,134134,121131,123129,242244,282282,231233,150150
"77","1",NA,179179,178178,126126,134134,129131,123129,242242,282288,221231,148150
"78","1",121127,179179,178178,126126,134136,131131,129129,242242,282288,227231,148150
"79","1",121127,179179,178180,126126,134134,131131,123123,242244,282288,229231,150150
"80","1",127127,179181,178178,126132,134134,121129,123129,244244,282282,229233,150150
"81","1",121121,179179,178178,126126,134134,121131,129129,242242,282288,227229,150150
"82","1",127127,179181,178180,126132,134136,129131,123129,244244,282282,227227,150150
"83","1",127127,179179,178180,126130,134134,121131,123123,242244,282288,231235,148150
"84","1",NA,179181,178178,126126,134134,121129,123123,242242,282288,231233,150150
"85","1",121127,179179,178178,126126,134134,129131,123129,244244,282282,227231,148148
"86","1",121125,179179,178178,122130,134134,131131,NA,NA,NA,NA,NA
"87","1",121127,179179,176176,126126,NA,131131,NA,242244,NA,NA,NA
"88","1",121127,179179,178178,130130,134134,121131,NA,NA,NA,NA,NA
"89","2",121127,179179,172178,130132,NA,129131,NA,242242,NA,NA,NA
"90","3",121127,179179,172172,124130,134134,131131,NA,NA,NA,NA,NA
"91","3",127127,179179,176176,126128,134136,131131,NA,NA,NA,NA,NA
"92","1",125131,181181,176178,126132,134134,125125,123131,242242,282282,NA,150150
"93","1",129129,179179,176178,126126,134134,121131,123131,242242,282288,NA,148150
"94","1",NA,179179,178178,126126,134134,NA,123131,242242,282288,235235,148150
"95","1",121127,179179,178178,126126,134154,131131,123131,242244,282288,235235,148148
"96","1",121121,179179,174178,126126,NA,131131,123131,242242,282282,235235,148150
"97","3",127127,179179,176176,126126,134154,131131,123131,242244,282282,235235,150150
"98","2",127127,179181,176178,126132,NA,125125,123131,242244,282282,235235,148150
"99","1",131131,179179,178178,126126,134134,NA,123131,242244,282282,235235,148148
"100","1",121121,179179,178178,126130,134134,125131,123131,242244,282288,235235,148150
"101","1",131131,179179,178178,126126,134134,NA,123131,242244,282288,235235,148148
"102","1",121127,179179,178178,126126,134154,131131,123131,242242,282282,225235,150150
"103","3",121127,179181,180180,126126,134154,129131,123131,242242,282282,229235,150150
"104","1",127127,179179,172176,126130,134140,121131,123129,NA,282282,235235,150150
"105","1",131131,179179,172176,126126,134146,121131,123131,238242,282282,231235,148148
"106","1",127127,179179,176178,124126,146146,NA,123123,242244,282282,NA,148150
"107","1",127131,179179,176178,124126,140154,121131,123131,242242,282282,231235,150150
"108","1",127131,179179,176176,124126,146146,121131,123123,242244,282288,235235,148150
"109","1",127131,179179,178178,138138,134146,121131,123123,NA,NA,231235,148148
"110","1",127131,179179,176188,126130,134140,121131,123123,242242,288288,231235,150150
"111","3",127131,179179,176176,126130,134146,131131,123129,242242,282282,231235,148148
"112","1",131131,179181,178178,124126,134140,121131,123129,238242,282288,235235,148148
"113","1",127131,179181,176178,126126,140144,121129,129129,242244,282288,231235,148150
"114","1",127131,179179,176188,130138,134152,121121,123129,240242,288288,235237,148150
"115","1",127131,179179,176188,126138,134134,121131,123129,240240,288288,231235,148150
"116","3",127131,179181,172176,124130,134140,131131,123129,238242,282282,235235,148150
"117","1",127131,179179,176178,124126,134144,121131,123123,242244,282282,235235,148148
"118","1",127131,179181,172176,126126,140144,121131,123123,238242,282288,235235,148148
"119","1",127127,179179,176178,126138,140146,129131,123129,238242,282282,235235,148150
"120","1",131131,179179,172176,126126,134136,121131,129131,242244,282282,231235,148148
"121","1",127131,179181,178178,126128,140152,131131,123129,244244,282282,235235,148148
"122","1",127127,179179,176176,126128,146152,121131,123129,244244,282288,235235,148150
"123","1",127131,179179,176178,126126,140152,131131,123123,242242,282282,235235,148148
"124","1",127131,179179,172176,126126,134134,121131,123129,242242,282288,231231,148150
"125","1",127131,179181,172176,126130,140146,NA,123123,242242,282288,231235,148150
"126","3",127131,181181,176176,124130,134140,129131,123123,NA,282288,235235,148150
"127","1",127131,179179,176178,126126,134134,131131,123123,238242,282282,231235,148148
"128","1",127131,179179,178178,124126,146146,131131,123123,238242,282288,231235,148150
"129","1",127131,179179,178178,124126,146146,NA,123123,242242,282288,235235,148148
"130","1",127131,179179,176184,126138,134150,121131,123123,240242,282288,231235,148150
"131","1",127131,179181,172188,124126,144146,121131,123123,240242,282282,231235,148148
"132","1",127131,179179,176178,126126,140152,131131,123131,242242,282282,231231,148150
"133","1",127131,179181,176176,124138,134146,121131,123123,NA,286288,231235,150150
"134","1",131131,179179,176178,126126,NA,121121,123131,242242,282288,NA,148148
"135","3",127131,179179,176176,124128,140150,121131,129131,242242,282288,231235,148150
"136","1",127131,179181,176178,124126,144146,123131,123131,244244,282282,231235,150150
"137","1",131131,179181,172176,124126,NA,131131,123123,242242,282288,235235,148148
"138","1",127131,179181,176178,124126,140146,129131,123129,242242,282288,231235,148150
"139","1",127131,179179,172176,126128,134152,121131,123129,242244,282288,235235,148150
"140","1",131131,179181,176188,126126,134144,121121,123123,242244,282288,235235,148148
"141","1",127131,179181,176176,126126,134144,121121,123123,238242,288288,235235,148150
"142","1",131131,179179,176176,124126,134144,121121,123123,242244,282288,231235,148148
"143","1",127127,179181,172176,126130,140146,121129,123131,240242,282288,231231,148150
"144","3",127127,179179,176176,126126,140144,131131,123131,238242,282282,235235,148148
"145","1",127127,179179,178178,124126,134146,121129,123123,242242,282288,235235,148148
"146","1",131131,179179,176178,126132,144146,131131,NA,NA,282282,NA,148148
"147","3",127131,179181,176176,126138,150154,131131,123131,242244,282288,235235,148150
"148","1",131131,179181,176176,126138,134150,121131,123129,242242,282288,235235,148150
"149","1",127127,179179,176176,126126,134146,121131,123129,240242,288288,231235,148150
"150","1",127131,179181,176188,126132,146150,121131,123129,242244,282288,NA,148150
"151","1",127127,179181,176176,126126,136154,121131,123123,242242,282288,231235,148148
"152","1",127131,179179,176184,124126,140150,121131,123123,238242,282282,235235,148148
"153","1",131131,179181,176176,126138,134134,121131,123131,240242,282288,231235,150150
"154","1",127131,179179,176176,124126,140152,121131,123123,242244,282282,235235,148148
"155","1",127127,179179,176184,126126,150150,121131,123123,242242,282288,231235,148148
"156","1",131131,181181,176178,124126,140146,121131,123123,240242,282282,231235,148148
"157","1",131131,179179,172176,126126,144146,121131,123131,238242,NA,235237,148148
"158","1",131131,179181,176176,124124,134146,121121,123123,242242,282288,231235,148150
"159","1",131131,179181,176184,124124,140146,131133,123123,242242,282282,235235,148148
"160","1",131131,179179,176176,124126,144146,121129,123129,242244,282282,231235,148148
"161","1",127131,179179,178188,126126,132134,129131,123123,242242,282288,235235,148148
"162","1",127131,179181,188188,124126,144150,121131,123123,242242,282282,235235,148148
"163","1",127131,179179,176176,126130,140152,131131,129129,244244,282288,235235,148148
"164","1",127127,179181,184188,126126,150150,121131,123129,242242,282282,231235,148148
"165","1",127131,179179,176184,126126,134150,121131,123129,242242,282288,235235,148148
"166","1",127127,179179,172176,126128,134136,131131,123129,242244,282288,235235,148148
"167","3",NA,179181,176176,124126,134140,121131,123123,NA,282282,NA,148148
"168","1",127131,179179,176188,126126,134144,121131,123123,242244,282288,235235,148148
"169","1",127131,179181,184188,126126,144150,121131,123123,242242,282288,231235,148148
"170","1",127131,179179,176176,130138,146152,131131,123129,242242,288288,235235,148150
"171","1",131131,179179,176178,126126,140146,121129,123123,238242,282282,231235,148148
"172","1",131131,179179,176176,126126,134150,131131,123123,238242,282288,235235,148148
"173","1",131131,179181,172178,126126,144146,121131,123131,NA,NA,NA,NA
"174","1",131131,179181,176178,124124,NA,131131,123123,238242,282282,235235,148148
"175","1",131131,179179,176176,126126,134150,121131,123123,NA,282288,231235,148150
"176","1",NA,179179,176178,124126,148154,121131,123131,NA,282288,NA,148148
"177","3",131131,179181,176176,124126,144144,131131,123131,242244,282282,231235,148150
"178","1",127131,179181,176176,126130,140146,129133,123129,242242,282288,231235,148148
"179","1",131131,179179,176178,124126,148154,121131,123129,242242,282288,231231,148148
"180","1",127131,179179,176176,124126,134146,131131,123129,NA,288288,231231,148148
"181","1",127131,179179,176184,126128,136144,121129,123131,242244,282282,231235,148148
"182","3",127127,179179,176176,126130,134140,121131,129129,240240,282288,NA,148148
"183","1",131131,179179,176178,124126,136144,131131,123129,238242,282288,231235,148148
"184","1",NA,179181,176176,126130,146154,121131,123123,242244,282282,NA,148148
"185","1",127131,179179,176178,126126,134146,121131,123129,242242,282288,231231,148148
"186","1",127131,179179,176176,126126,146150,121121,123123,244244,282288,231231,150150
"187","1",127131,179179,176178,126126,134150,131131,123123,242242,282288,235235,148148
"188","1",127131,179181,176188,124138,140144,121131,123123,238242,282282,235235,148150
"189","3",127131,179181,176178,124128,140150,121131,129131,242242,282288,235235,148150
"190","1",131131,179181,172178,124126,136146,121133,123131,242242,282288,231235,148148
"191","1",131131,179181,176176,124126,140152,129129,123131,238242,282288,231235,148148
"192","1",127127,179181,172176,126126,144152,121131,123129,242242,282288,231235,150150
"193","1",127131,179181,172176,126126,136136,121131,123129,242242,282282,235235,150150
"194","1",127131,179181,176176,126126,140140,121131,123123,238242,282282,231235,148150
"195","1",127131,179181,172176,124130,140144,131133,123123,242242,282288,231231,148150
"196","1",131131,179181,176178,126126,136140,121133,123123,238242,282282,235235,148148
"197","1",127127,179179,176176,124130,134146,121129,123123,242244,288288,231235,148150
"198","1",127131,179181,176176,126126,134150,131131,123123,242242,NA,235237,148150
"199","1",131131,179181,172176,124126,136140,121131,123131,242242,282282,231235,148148
"200","1",131131,179181,176178,126130,146154,121131,123123,242244,282282,235235,148148
"201","1",131131,179179,176176,126126,140150,131131,123123,240242,288288,235235,148148
"202","1",127131,179179,176176,126136,140150,NA,129129,242242,282288,235235,148148
"203","1",NA,179181,176176,126138,146146,121131,123131,NA,282288,231235,148150
"204","1",131131,179181,176176,126130,146146,121131,123123,282288,NA,231235,148148
"205","3",127127,181181,176176,128136,146150,121131,123129,242242,288288,235235,148148
"206","1",131131,179179,176178,126132,134146,131131,123129,242244,288288,235235,148150
"207","1",127127,179181,176178,126138,134146,121121,123123,242242,282288,235235,148150
"208","1",127131,179179,176178,126130,146154,121129,123123,242244,282288,231235,148148
"209","1",127131,179181,172176,126130,134134,129131,123129,242244,282288,231235,148150
"210","3",127127,179181,176176,126126,140146,NA,NA,238242,NA,235235,148148
"211","1",127131,179181,176178,126138,134134,131131,123129,240242,282288,231235,148148
"212","1",127131,179181,176188,124126,140150,121121,123123,238242,282282,231235,148150
"213","1",127131,179179,176178,124126,134152,121131,123129,242244,282282,235235,148148
"214","1",127131,179181,176178,126130,144146,121129,123123,238244,282288,235235,148148
"215","1",127131,179181,176176,126126,144150,131131,123123,242242,282288,231231,148150
"216","1",131131,179179,176176,124126,150150,121131,123123,242244,282282,231235,148148
"217","1",131131,179181,176178,124126,140146,121123,123123,242242,282282,235235,148148
"218","1",127127,179181,176178,126126,146152,129131,123123,242242,282282,235235,148148
"219","1",131131,181181,176176,124128,134146,129131,123123,240242,288288,235235,148148
"220","1",127131,179181,176178,124126,140146,121131,123129,242244,282288,231235,148150
"221","1",127131,179181,176178,126126,146152,121129,123131,242244,282288,235235,148150
"222","1",NA,179179,176176,132132,150154,133133,123129,NA,282288,235235,150150
"223","1",131131,179179,176176,126128,134136,121131,123131,242244,282288,231231,148150
"224","1",131131,179181,176176,126126,134134,121131,123131,242242,282288,235235,148150
"225","1",131131,179179,176176,126126,134146,131133,123129,242244,282282,231235,148150
"226","1",131131,179179,172178,126126,144146,121129,123123,242244,282282,235235,150150
"227","1",131131,179181,176188,126130,134154,NA,123123,242244,282282,235237,148148
"228","1",131131,179179,172178,126128,146154,121131,123131,242244,282282,NA,148148
"229","1",127131,179179,176176,126126,134136,121129,123129,242244,282288,235235,148150
"230","1",131131,179181,176188,126126,134136,121121,123123,242242,288288,235235,150150
"231","1",131131,179179,176176,124126,134144,129131,129131,242242,282288,235235,148150
"232","1",127131,179181,176178,126126,134136,121131,129131,242242,282282,235235,148150
"233","1",131131,179179,178178,126126,134134,129131,123123,242244,282288,235237,148148
"234","1",131131,179181,176178,126132,134154,121131,123129,244244,288288,235235,150150
"235","1",NA,179181,178178,NA,134146,131131,123123,242244,282288,231235,148148
"236","1",127127,179179,176176,126126,134150,121131,129129,242244,282288,235235,148148
"237","1",131131,179179,176176,126126,134134,121131,123129,242244,282288,NA,148148
"238","1",127131,179179,176178,126126,134134,121131,129129,NA,282282,NA,148148
"239","1",131131,179179,176178,124126,134146,121129,123129,242242,282282,231235,148150
"240","1",131131,179181,176176,126126,134134,119121,123129,242242,282288,235235,148150
"241","1",131131,179179,176178,126126,144146,129131,123123,242242,282288,235235,148148
"242","1",131131,179181,176176,126126,134150,121131,123129,238242,282282,231235,148150
"243","1",127131,179181,176178,126126,146152,121121,123131,242244,282288,235235,148150
"244","1",131131,179179,176176,126126,134144,121131,123123,242244,282282,231235,148148
"245","1",127131,179179,176178,124126,144144,121131,123123,242242,282288,235235,148150
"246","1",131131,179179,176176,126126,134144,121131,123123,NA,282288,231235,148148
"247","1",127131,179181,176176,126132,140146,NA,123129,242244,282288,231235,150150
"248","1",127131,179181,176176,126126,144150,131131,123129,242244,282288,235235,150150
"249","1",127131,179179,176178,126130,134152,129131,123123,242244,282288,235235,148148
"250","1",127131,179181,178178,126132,134146,121131,123123,240242,282288,231237,148148
"251","1",131131,179181,178188,132132,134146,131131,123123,NA,NA,235237,148150
"252","1",127131,181181,176178,124126,144146,131131,123123,NA,282288,231235,150150
"253","1",127131,179181,176176,126126,144144,121131,123123,242242,282282,231235,148150
"254","1",131131,179181,176176,126126,144146,131131,123123,242244,282288,235237,148150
"255","1",127131,179181,176176,126126,144144,121133,123129,242242,282288,231235,148150
"256","1",NA,179179,178178,126126,134146,NA,123129,242244,282288,231235,148150
"257","1",131131,179179,176178,126126,136136,121121,129129,244244,282282,235235,148150
"258","1",131131,179179,176176,124126,140150,131133,123129,242242,NA,NA,NA
"259","1",131131,179179,176176,126138,134150,131131,123123,238242,282282,231235,148148
"260","1",127131,179181,176176,126126,134144,121129,NA,242244,282288,225235,148150
"261","1",NA,181181,184184,126126,132134,119121,123129,244244,282282,225235,148148
"262","1",131131,179179,176178,126132,134134,131133,123129,242242,282282,235237,148148
"263","1",131131,179181,178178,126132,144146,129131,123123,242242,NA,231237,150150
"264","1",127131,179179,176178,126130,144152,131131,123129,242244,282288,235235,148150
"265","1",127131,179179,176176,126126,134136,131133,129129,242242,288288,235235,150150
"266","1",131131,179179,176176,126132,134146,121129,123129,242242,288288,235235,150150
"267","3",127131,179181,176176,126126,134146,131131,123129,242244,282282,231235,148150
"268","1",127131,179181,176176,126128,150150,131131,123129,242242,288288,235235,148148
"269","1",127131,179179,176176,126132,144146,131131,123129,242242,282282,235235,150150
"270","1",131131,179179,176176,126128,144144,121131,123129,242242,288288,235235,148150
"271","1",127131,179179,176176,126126,146146,121131,123129,NA,282282,235235,150150
"272","1",131131,179179,176178,124126,136144,121131,129129,242244,282288,235235,148150
"273","1",131131,179181,176178,126126,134144,121121,123129,238242,282282,231235,148150
"274","1",NA,179181,176178,126126,144144,131133,123123,242244,282282,231235,150150
"275","1",127131,179179,176176,124126,134144,121129,123123,242244,NA,231235,150150
"276","1",131131,179181,176178,126132,144146,121129,123129,242244,282288,235235,150150
"277","1",131131,179179,176178,126132,146146,121131,123129,242242,282282,235235,150150
"278","1",131131,179181,176176,126132,144146,121121,123129,242244,282288,235235,NA
"279","1",129131,179181,176178,126132,144146,121131,123129,242244,282288,235235,150150
"280","1",127131,179179,176176,126132,144146,121131,129129,242244,282288,NA,148150
"281","1",127131,179179,178178,126130,134134,131131,123123,242244,282288,231231,148148
"282","1",131131,179179,176178,126128,134136,121131,123123,242244,282288,231235,148148
"283","1",131131,179179,176176,126126,134144,129131,123123,242242,288288,235235,148148
"284","1",127131,181181,176184,126126,134136,121121,123123,238244,282288,235235,148150
"285","1",131131,179179,176176,126132,140150,131133,123129,240242,282288,235235,148150
"286","1",127131,179179,176178,126130,134152,131131,123123,242244,288288,235235,148148
"287","1",131131,179179,176178,126126,134144,121131,123123,242244,288288,231235,148150
"288","1",131131,179179,176176,126126,134144,NA,123129,242244,288288,235235,150150
"289","1",127131,179179,176176,126126,134136,121121,123129,NA,282282,235235,148148
"290","1",131131,179179,176188,126126,134136,131131,123129,242242,282288,231235,148148
"291","1",127131,179179,178184,126126,136144,121131,123129,242244,288288,235235,148150
"292","1",127131,179179,176176,126126,134134,131131,123129,242244,282288,231235,148148
"293","1",127131,179181,176184,126126,134136,121129,123123,238244,282288,235235,148150
"294","1",131131,179179,176176,124124,134136,131131,123129,238244,282288,231235,148148
"295","1",127131,179179,176178,126128,134144,121131,123123,238244,282288,235235,150150
"296","1",131131,179179,176178,126126,134146,129131,123123,242244,282288,235235,148150
"297","1",127131,181181,176176,126126,134146,NA,123123,242242,282288,231235,148150
"298","1",131131,179181,176176,126126,134146,121131,123123,242244,282288,231235,148148
"299","1",131131,179181,176178,124126,134144,121131,123123,242244,282288,231235,148150
"300","1",131131,179181,176176,126126,134144,131133,123123,238242,282282,231237,148148
"301","1",127131,179181,176176,126126,134144,121133,123123,242244,282288,235235,148150
"302","1",127131,179181,176178,124126,134134,121133,NA,240244,282282,231235,148148
"303","3",127131,179181,176176,124128,150150,NA,123129,242242,282282,235235,150150
"304","1",127131,179181,176176,124126,140144,121131,123129,NA,282288,235235,148150
"305","1",127131,179181,176176,124126,144146,121131,123129,242244,282288,235235,148150
"306","1",131131,179181,176176,124126,134134,121121,123123,242244,282282,231235,148148
"307","1",127131,179181,176176,124126,140144,131131,123123,242242,282288,235235,148150
"308","1",127131,179181,178178,126132,144146,129131,123123,242242,282288,231235,148148
"309","1",131131,179179,176188,126126,144146,131133,123123,242242,282282,231235,148150
"310","1",127131,179179,176178,126126,134144,129131,123131,242242,282288,231235,148150
"311","1",127131,179179,176176,126132,140154,131133,123129,244244,282288,235235,150150
"312","1",127131,179181,176176,124132,136140,121131,123123,242244,282288,235235,150150
"313","1",127131,179181,176188,124126,140150,121121,123123,238242,282282,231235,148150
"314","1",131131,179179,176178,126128,134134,121131,123123,242242,282288,231235,148150
"315","1",131131,179179,176176,126128,144146,129131,123123,242244,282288,235235,148148
"316","1",131131,179181,172176,126128,144154,121133,123131,238242,282282,235237,148150
"317","1",131131,179179,176178,126126,134136,NA,123131,242242,NA,235235,148150
"318","1",131131,179181,178178,126126,134144,129131,123123,242244,282282,235235,148148
"319","1",NA,179181,178178,126126,134146,NA,123123,NA,282288,233237,NA
"320","1",131131,179179,176178,126126,134146,129131,123123,242244,NA,235235,148150
"321","3",127131,179181,176178,124130,134136,131131,123129,242242,282282,231235,148148
"322","1",131131,179179,178188,126132,144146,131131,123123,242242,282282,235235,148150
"323","1",127131,179179,178178,126132,134144,121129,123123,242242,282288,231235,148148
"324","1",131131,181181,176176,128130,134134,121133,123123,NA,NA,NA,148150
"325","1",131131,179179,176178,126138,134150,131131,123123,242242,282282,231235,148148
"326","1",131131,179179,176178,NA,134144,NA,123123,242242,282288,235235,148148
"327","1",131131,179179,178178,124126,140152,121131,123131,242244,282282,231235,148150
"328","1",127131,179179,176178,126126,134144,121131,123123,240242,282282,231231,148148
"329","1",131131,179179,176178,124126,136144,121131,129129,242242,282288,235235,148150
"330","1",131131,179179,176176,124126,144146,129131,123123,242242,282288,235235,148150
"331","1",131131,179179,176178,126128,140146,121131,123131,242244,282288,231235,148148
"332","1",131131,179179,176176,126126,144146,121131,123123,242242,282288,235235,148148
"333","1",NA,NA,176176,124126,144150,131131,123129,NA,282288,NA,148150
"334","1",127131,179181,176184,126126,134136,121131,123129,242244,NA,235235,148148
"335","1",131131,179179,176178,132132,146146,121129,123129,238242,282282,235235,148150
"336","1",NA,NA,176178,126132,144146,121131,123123,NA,282282,233235,148150
"337","1",NA,179181,176176,NA,144150,121131,123129,238242,282288,NA,148150
"338","1",131131,179181,176176,126128,134154,121129,123123,238244,282282,231235,148150
"339","1",131131,179181,176176,132132,136154,121133,123129,242244,288288,235235,150150
"340","1",127131,179181,176176,126126,144146,121131,123129,242244,288288,235235,148150
"341","1",131131,179181,178178,126132,134146,121131,123123,242244,282288,231237,148150
"342","1",131131,179179,176188,126126,134134,121131,123129,242242,282282,235235,148150
"343","2",121133,179179,174186,128128,146146,125133,NA,NA,NA,NA,NA
"344","2",125133,179179,180186,130132,144144,125129,NA,NA,NA,NA,NA
"345","2",133133,179179,184184,126128,144144,123129,NA,NA,NA,NA,NA
"346","2",125131,179179,176180,130132,144144,129129,NA,NA,NA,NA,NA
"347","2",125127,173181,174184,128128,142146,125129,NA,NA,NA,NA,NA
"348","2",133133,179179,NA,126128,142144,125129,NA,NA,NA,NA,NA
"349","2",125125,179179,174186,122130,144144,125133,NA,NA,NA,NA,NA
"350","2",125131,181181,180186,136142,146146,123125,NA,NA,NA,NA,NA
"351","2",127133,179179,174174,122128,142142,123133,NA,NA,NA,NA,NA
"352","2",125127,179179,186190,128130,144144,123129,NA,NA,NA,NA,NA
"353","2",125125,179181,184184,126128,144144,125129,NA,NA,NA,NA,NA
"354","2",125129,179179,184184,128130,144146,123125,NA,NA,NA,NA,NA
"355","2",125133,173181,174186,128128,142146,125125,NA,NA,NA,NA,NA
"356","2",125133,179179,184184,128130,142144,123123,NA,NA,NA,NA,NA
"357","2",131133,173179,174184,122136,142144,125125,NA,NA,NA,NA,NA
"358","2",125133,179179,184184,130130,144144,123131,NA,NA,NA,NA,NA
"359","2",129133,179179,184186,126128,146146,129133,NA,NA,NA,NA,NA
"360","2",133133,179179,184186,126136,146146,125129,NA,NA,NA,NA,NA
"361","2",125127,173181,184186,122136,144146,125129,NA,NA,NA,NA,NA
"362","2",129133,179179,186186,128132,144146,123125,NA,NA,NA,NA,NA
"363","2",125125,179179,184186,128130,144144,123125,NA,NA,NA,NA,NA
"364","2",127133,179179,184186,126136,144146,123125,NA,NA,NA,NA,NA
"365","2",127133,179179,184184,136136,144146,125125,NA,NA,NA,NA,NA
"366","2",125127,179181,174184,128128,142146,125129,NA,NA,NA,NA,NA
"367","2",127133,179179,186186,126134,144146,123125,NA,NA,NA,NA,NA
"368","2",125127,179181,174184,130134,144146,123125,NA,NA,NA,NA,NA
"369","2",127133,179179,178184,130134,142146,125129,NA,NA,NA,NA,NA
"370","2",127127,179181,182182,122134,146146,125129,NA,NA,NA,NA,NA
"371","2",127129,179179,174184,122150,144146,125131,NA,NA,NA,NA,NA
"372","2",131133,179181,180184,132132,144146,129129,NA,NA,NA,NA,NA
"373","2",125133,173179,184184,130134,144146,123129,NA,NA,NA,NA,NA
"374","2",125127,179179,180184,128136,144146,125129,NA,NA,NA,NA,NA
"375","2",125133,173185,NA,122136,146146,125129,NA,NA,NA,NA,NA
"376","2",127133,179179,NA,136136,142146,125131,NA,NA,NA,NA,NA
"377","2",129129,179179,NA,126126,146144,129133,NA,NA,NA,NA,NA
"378","2",133133,173179,186186,122132,144146,123129,NA,NA,NA,NA,NA
"379","2",133133,179179,NA,126136,146146,125129,NA,NA,NA,NA,NA
"380","2",133133,173179,186186,122128,146144,125129,NA,NA,NA,NA,NA
"381","2",133133,179179,NA,128134,146144,129129,NA,NA,NA,NA,NA
"382","2",125133,179179,178178,NA,146146,125129,NA,NA,NA,NA,NA
"383","2",125133,179179,NA,128142,146146,125129,NA,NA,NA,NA,NA
"384","2",125133,179185,184184,118126,144144,123129,NA,NA,NA,NA,NA
"385","2",127133,179181,182186,126126,146146,123125,NA,NA,NA,NA,NA
"386","2",125125,179179,176190,130130,NA,125129,NA,NA,NA,NA,NA
"387","2",129133,179181,186186,NA,144146,125131,NA,NA,NA,NA,NA
"388","2",127133,179181,182184,126138,144144,123131,NA,NA,NA,NA,NA
"389","2",127133,179179,174174,128128,142144,123131,NA,NA,NA,NA,NA
"390","2",129133,179179,184184,130138,142144,129129,NA,NA,NA,NA,NA
"391","2",125133,179179,174174,130134,142146,125131,NA,NA,NA,NA,NA
"392","2",125125,179181,174184,130134,142144,125129,NA,NA,NA,NA,NA
"393","2",125127,179181,186186,130142,142144,125133,NA,NA,NA,NA,NA
"394","2",125127,179181,180186,126138,144144,123125,NA,NA,NA,NA,NA
"395","2",133133,179179,NA,124134,142146,125131,NA,NA,NA,NA,NA
"396","2",127133,179179,174186,128134,142146,125125,NA,NA,NA,NA,NA
"397","2",129133,179179,184186,136142,142146,125131,NA,NA,NA,NA,NA
"398","2",125133,179181,174186,122122,142146,125125,NA,NA,NA,NA,NA
"399","2",125133,173179,176184,128150,144146,129131,NA,NA,NA,NA,NA
"400","2",129129,179179,174180,118126,144144,125135,NA,NA,NA,NA,NA
"401","2",125131,179179,180184,126128,144146,129133,NA,NA,NA,NA,NA
"402","2",129131,179185,180184,128130,144144,133133,NA,NA,NA,NA,NA
"403","2",125133,181181,174184,130132,144144,125131,NA,NA,NA,NA,NA
"404","2",125129,173181,174186,132136,146146,125125,NA,NA,NA,NA,NA
"405","2",125125,173179,180186,126136,144146,129131,NA,NA,NA,NA,NA
"406","2",125131,179181,174174,130132,144146,125129,NA,NA,NA,NA,NA
"407","2",125127,179179,176180,122132,144144,125129,NA,NA,NA,NA,NA
"408","2",129133,173181,174184,126130,144146,125129,NA,NA,NA,NA,NA
"409","2",125133,181181,184186,128130,142144,125131,NA,NA,NA,NA,NA
"410","2",125133,179181,184184,130134,146144,125129,NA,NA,NA,NA,NA
"411","2",125127,179179,184184,128136,144146,125125,NA,NA,NA,NA,NA
"412","2",125133,173179,174180,128138,142146,125129,NA,NA,NA,NA,NA
"413","2",125127,179179,186186,124132,144144,131133,NA,NA,NA,NA,NA
"414","2",125133,179181,174174,128134,142144,123125,NA,NA,NA,NA,NA
"415","2",125127,179179,174174,126130,142146,123125,NA,NA,NA,NA,NA
"416","2",129133,179179,186186,130134,142144,123125,NA,NA,NA,NA,NA
"417","2",125129,179181,174174,132132,144146,125133,NA,NA,NA,NA,NA
"418","2",125133,179179,186190,130134,144144,125129,NA,NA,NA,NA,NA
"419","2",125125,179179,178184,130136,142144,123129,NA,NA,NA,NA,NA
"420","2",125125,173179,174186,130150,144146,125125,NA,NA,NA,NA,NA
"421","2",129133,173179,174174,132136,144146,125131,NA,NA,NA,NA,NA
"422","2",125125,179179,178186,122128,142146,125131,NA,NA,NA,NA,NA
"423","2",129129,179179,174180,132132,144144,125133,NA,NA,NA,NA,NA
"424","2",125133,179179,174186,128142,144146,125125,NA,NA,NA,NA,NA
"425","2",127127,179179,174186,134142,146146,125125,NA,NA,NA,NA,NA
"426","2",127127,185185,NA,NA,144144,125125,NA,NA,NA,NA,NA
"427","2",125127,179179,NA,128128,144146,125125,NA,NA,NA,NA,NA
"428","2",125133,173179,174184,128130,144146,123131,NA,NA,NA,NA,NA
"429","2",125133,179179,174184,128142,142142,123125,NA,NA,NA,NA,NA
"430","2",125133,179179,180184,142142,146146,123125,NA,NA,NA,NA,NA
"431","2",127133,179181,184184,126128,142144,129131,NA,NA,NA,NA,NA
"432","2",125125,179181,174184,122122,142144,133133,NA,NA,NA,NA,NA
"433","2",133133,179181,178184,128128,142144,125131,NA,NA,NA,NA,NA
"434","2",129133,179179,174186,128142,142142,125125,NA,NA,NA,NA,NA
"435","2",125129,173179,174174,128130,142146,125125,NA,NA,NA,NA,NA
"436","2",125133,179179,186186,128132,144144,125125,NA,NA,NA,NA,NA
"437","2",125133,179181,174174,NA,NA,125129,NA,NA,NA,NA,NA
"438","2",125129,179179,184184,128130,144146,123129,NA,NA,NA,NA,NA
"439","2",131133,173179,186186,122142,142144,125129,NA,NA,NA,NA,NA
"440","2",133133,179179,184184,122130,142144,125129,NA,NA,NA,NA,NA
"441","2",133133,179179,186186,130142,144146,123127,NA,NA,NA,NA,NA
"442","2",133133,179179,184186,128128,142144,123131,NA,NA,NA,NA,NA
"443","2",125125,179179,186186,122126,142146,123125,NA,NA,NA,NA,NA
"444","2",127131,179179,174186,130130,144144,123125,NA,NA,NA,NA,NA
"445","2",127131,179179,174186,128130,142142,123123,NA,NA,NA,NA,NA
"446","2",127133,173179,184186,122128,146146,125125,NA,NA,NA,NA,NA
"447","2",125133,173179,174184,128130,144146,123131,NA,NA,NA,NA,NA
"448","2",125127,179181,174184,126130,144144,123123,NA,NA,NA,NA,NA
"449","2",133133,179179,186186,128130,142144,123125,NA,NA,NA,NA,NA
"450","2",127133,173181,184186,126138,144144,125129,NA,NA,NA,NA,NA
"451","2",127133,179179,184186,126136,144146,125131,NA,NA,NA,NA,NA
"452","2",125133,181181,184186,128130,142144,125131,NA,NA,NA,NA,NA
"453","2",133133,173181,174184,128128,142144,129131,NA,NA,NA,NA,NA
"454","2",125127,179179,184186,126126,146144,123123,NA,NA,NA,NA,NA
"455","2",125133,179179,174184,130130,142146,125131,NA,NA,NA,NA,NA
"456","2",125127,179181,184186,122132,144146,125125,NA,NA,NA,NA,NA
"457","2",125133,179181,182186,124130,142146,129131,NA,NA,NA,NA,NA
"458","2",127133,179181,174182,122130,142146,129129,NA,NA,NA,NA,NA
"459","2",133133,181181,174184,126128,144146,125133,NA,NA,NA,NA,NA
"460","2",129133,181181,180184,122130,142144,125125,NA,NA,NA,NA,NA
"461","2",133133,179181,180184,118126,144146,129129,NA,NA,NA,NA,NA
"462","2",125133,179179,184184,126136,142144,123125,NA,NA,NA,NA,NA
"463","2",127129,173179,184184,136136,142144,125135,NA,NA,NA,NA,NA
"464","2",127127,179179,174184,128130,144144,125125,NA,NA,NA,NA,NA
"465","2",125127,179179,184186,128136,144146,125125,NA,NA,NA,NA,NA
"466","2",125127,179179,184186,134136,144146,125125,NA,NA,NA,NA,NA
"467","2",125127,179181,NA,126128,144144,125129,NA,NA,NA,NA,NA
"468","2",125133,179179,184184,130132,144144,123125,NA,NA,NA,NA,NA
"469","2",127133,179179,174174,134136,144146,125129,NA,NA,NA,NA,NA
"470","2",125133,179181,NA,128130,130146,125129,NA,NA,NA,NA,NA
"471","2",125127,179179,186190,128130,144144,123129,NA,NA,NA,NA,NA
"472","2",125133,173179,180186,130132,144146,129131,NA,NA,NA,NA,NA
"473","2",125129,181181,174174,130136,144144,125125,NA,NA,NA,NA,NA
"474","2",133133,173185,184184,126132,142146,125129,NA,NA,NA,NA,NA
"475","2",125127,181181,174186,122134,142146,125129,NA,NA,NA,NA,NA
"476","2",133133,179185,180186,122134,146146,129129,NA,NA,NA,NA,NA
"477","2",133133,179185,180186,122134,144144,129129,NA,NA,NA,NA,NA
"478","2",133133,185185,NA,126126,142148,NA,NA,NA,NA,NA,NA
"479","2",129129,185185,176184,NA,142148,NA,NA,NA,NA,NA,NA
"480","2",125133,185185,180180,126126,142148,125129,NA,NA,NA,NA,NA
"481","2",125129,185185,180180,122134,146146,125131,NA,NA,NA,NA,NA
"482","2",125133,179179,180180,122134,146146,125129,NA,NA,NA,NA,NA
"483","2",NA,185185,180180,126126,142148,129129,NA,NA,NA,NA,NA
"484","2",125125,185185,174184,126126,142148,125129,NA,NA,NA,NA,NA
"485","2",125133,179181,174184,124124,NA,129129,NA,NA,NA,NA,NA
"486","2",125133,179181,174184,126126,142148,123129,NA,NA,NA,NA,NA
"487","2",NA,185185,174184,126126,142148,NA,NA,NA,NA,NA,NA
"488","2",131131,179185,182190,130130,144148,119125,123131,240242,NA,NA,NA
"489","2",129133,173179,184188,126138,144146,123123,123131,238242,NA,NA,NA
"490","2",133133,179179,NA,130138,144146,125131,123131,238242,NA,NA,NA
"491","2",129129,179185,182184,128138,146146,119125,123131,238238,NA,NA,NA
"492","2",129133,179185,190190,136136,NA,125131,123131,238242,NA,NA,NA
"493","2",129133,179179,180188,126138,NA,123127,123131,238242,NA,NA,NA
"494","2",129133,179179,184188,128136,NA,125131,123131,240242,NA,NA,NA
"495","2",125135,179185,176180,122128,142142,129131,123123,240242,NA,NA,NA
"496","2",131135,179181,176188,122134,142146,129129,123129,238240,NA,NA,NA
"497","2",131131,173185,188188,122134,142142,129129,123129,238242,NA,NA,NA
"498","2",131131,179181,188188,128136,142146,129131,123129,238242,NA,NA,NA
"499","2",131135,185185,184188,124136,142146,NA,123131,242242,NA,NA,NA
"500","2",125135,179181,180180,128128,140142,125131,123131,242242,NA,NA,NA
"501","2",129129,173181,180188,130132,144144,125129,123131,NA,NA,NA,NA
