,DB1,,DB23,,DB44,,BR4,,BR6,,BR17,,SW35,,RHI32A,,DB14,,B1RH2B,,B1RH37D,
pop = SouthAngola,,,,,,,,,,,,,,,,,,,,,,
104,127,127,179,179,174,176,126,130,134,134,131,131,123,131,242,242,?,?,?,?,?,?
105,127,127,179,179,178,178,?,?,134,134,?,?,131,131,242,242,?,?,?,?,?,?
106,121,127,179,187,176,178,124,124,134,134,125,131,131,131,242,242,?,?,?,?,?,?
107,121,127,181,181,?,?,124,124,134,134,121,131,123,131,242,242,?,?,?,?,?,?
pop = ZambeziAncient,,,,,,,,,,,,,,,,,,,,,,
347,131,131,179,179,?,?,128,130,134,134,117,121,123,133,242,242,?,?,?,?,?,?
348,123,129,179,181,176,176,126,132,134,146,119,135,123,133,242,242,?,?,?,?,?,?
349,127,127,179,179,178,178,128,132,136,144,121,133,123,133,242,242,?,?,?,?,?,?
pop = KenyaAncient,,,,,,,,,,,,,,,,,,,,,,
525,125,133,179,179,182,182,126,150,146,146,127,127,123,129,?,?,?,?,?,?,?,?
526,?,?,179,179,178,180,128,132,150,150,?,?,123,131,242,242,?,?,?,?,?,?
527,?,?,179,181,188,190,132,140,134,134,123,127,123,131,226,242,?,?,?,?,?,?
528,127,129,169,171,174,184,?,?,128,128,121,121,131,131,242,242,?,?,?,?,?,?
529,?,?,181,181,170,172,124,130,144,144,121,127,123,131,238,242,?,?,?,?,?,?
530,131,131,173,179,174,178,124,126,146,146,125,129,123,131,242,242,?,?,?,?,?,?
531,?,?,179,181,170,172,134,138,142,144,?,?,123,131,242,242,?,?,?,?,?,?
532,127,127,179,181,174,180,122,128,146,146,131,133,123,123,?,?,?,?,?,?,?,?
533,?,?,?,?,172,174,122,126,?,?,119,125,123,131,242,242,?,?,?,?,?,?
534,?,?,?,?,180,184,118,132,144,146,123,129,123,131,242,242,?,?,?,?,?,?
535,?,?,179,179,174,184,118,122,144,144,131,131,123,131,?,?,?,?,?,?,?,?
536,?,?,179,179,174,186,140,140,144,146,127,127,123,131,238,242,?,?,?,?,?,?
537,123,131,179,179,?,?,126,136,134,146,119,127,123,131,242,242,?,?,?,?,?,?
538,?,?,185,185,180,184,118,122,126,144,123,127,123,131,238,242,?,?,?,?,?,?
539,123,131,173,179,?,?,134,138,142,144,123,127,123,131,?,?,?,?,?,?,?,?
540,123,131,179,185,172,186,136,138,144,148,121,121,123,123,?,?,?,?,?,?,?,?
541,125,129,179,179,180,184,122,136,144,144,?,?,123,131,?,?,?,?,?,?,?,?
542,127,127,179,179,184,186,130,150,?,?,125,131,123,131,238,242,?,?,?,?,?,?
543,125,133,179,179,180,184,128,132,144,148,131,131,123,127,?,?,?,?,?,?,?,?
544,125,129,185,185,180,186,130,130,136,142,129,133,123,123,?,?,?,?,?,?,?,?
545,123,127,181,185,176,182,132,142,144,146,121,129,123,131,242,242,?,?,?,?,?,?
pop = UgandaSSudan,,,,,,,,,,,,,,,,,,,,,,
546,125,131,179,181,?,?,?,?,?,?,125,125,123,131,242,242,?,?,?,?,?,?
547,125,129,179,179,176,178,124,138,142,144,?,?,117,129,?,?,?,?,?,?,?,?
548,121,131,191,191,?,?,118,118,130,130,125,131,139,139,?,?,?,?,?,?,?,?
549,139,139,181,181,172,172,130,130,146,146,135,135,123,131,242,242,?,?,?,?,?,?
550,125,131,183,183,184,184,130,132,138,150,125,131,123,131,238,242,?,?,?,?,?,?
pop =HornofAfrica,,,,,,,,,,,,,,,,,,,,,,
551,?,?,179,181,174,174,130,132,146,150,119,125,?,?,?,?,?,?,?,?,?,?
552,123,123,181,181,172,172,130,130,146,146,123,125,123,123,?,?,?,?,?,?,?,?
553,125,129,179,179,176,178,130,130,150,152,125,129,123,131,242,242,?,?,?,?,?,?
554,125,129,177,177,176,178,130,142,136,142,125,129,123,131,242,242,?,?,?,?,?,?
555,123,123,179,179,184,184,130,130,144,144,123,123,123,131,242,242,?,?,?,?,?,?
556,119,127,179,179,172,180,124,130,144,148,119,127,123,131,242,242,?,?,?,?,?,?
pop = WestAfrica,,,,,,,,,,,,,,,,,,,,,,
557,125,129,183,183,182,182,124,124,134,134,129,129,123,131,242,244,?,?,?,?,?,?
558,?,?,179,181,168,174,124,124,144,146,129,129,123,131,?,?,?,?,?,?,?,?
559,?,?,181,181,172,182,124,128,142,142,131,131,123,131,238,242,?,?,?,?,?,?
560,139,139,179,179,172,178,128,128,142,142,131,137,123,131,238,242,?,?,?,?,?,?